{
  "H1": {
    "MAE": 7929438.970710384,
    "RMSE": 19421464.077583432,
    "Test_rows": 405
  },
  "H2": {
    "MAE": 6631277.374336347,
    "RMSE": 14548806.59439777,
    "Test_rows": 358
  },
  "H3": {
    "MAE": 11480760.36285885,
    "RMSE": 26967106.653181165,
    "Test_rows": 317
  }
}