,MAE,RMSE,Test_rows
H1,7929438.970710384,19421464.077583432,405
H2,6631277.374336347,14548806.59439777,358
H3,11480760.36285885,26967106.653181165,317
