{
  "H1": {
    "Best_Params": {
      "iterations": 1855,
      "depth": 4,
      "learning_rate": 0.019527440118332382,
      "l2_leaf_reg": 1.7773259868286844,
      "bagging_temperature": 4.262179737121845,
      "random_strength": 1.5070317381416751
    },
    "MAE": 5937132.260194044,
    "RMSE": 12849667.662104739,
    "Test_rows": 405
  },
  "H2": {
    "Best_Params": {
      "iterations": 782,
      "depth": 4,
      "learning_rate": 0.023816357310283653,
      "l2_leaf_reg": 3.4622256415251513,
      "bagging_temperature": 3.8594774961726213,
      "random_strength": 0.5574756144814291
    },
    "MAE": 4576318.900038423,
    "RMSE": 8024441.891990838,
    "Test_rows": 358
  },
  "H3": {
    "Best_Params": {
      "iterations": 612,
      "depth": 4,
      "learning_rate": 0.07994397865963468,
      "l2_leaf_reg": 1.1644762679252452,
      "bagging_temperature": 2.9399636447950246,
      "random_strength": 0.5050909163932538
    },
    "MAE": 5193965.786814652,
    "RMSE": 9053380.39176703,
    "Test_rows": 317
  }
}